Субъекты РФ;Год;Объем отгруженных товаров собственного производства, выполненных работ и услуг собственными силами по видам экономической деятельности: Добыча полезных ископаемых (млн. руб.);Объем отгруженных товаров собственного производства, выполненных работ и услуг собственными силами по видам экономической деятельности: Обрабатывающие производства (млн. руб.);Объем отгруженных товаров собственного производства, выполненных работ и услуг собственными силами по видам экономической деятельности: Производство и распределение электроэнергии, газа и воды (млн. руб.);"Объем отгруженных товаров собственного производства, выполненных работ и услуг собственными силами по видам экономической деятельности: Водоснабжение; водоотведение, организация сбора и утилизации отходов, деятельность по ликвидации загрязнений (млн. руб.)"
Центральный федеральный округ;2005;76390;2587948;492032;
Белгородская область;2005;40390;101734;14706;
Брянская область;2005;136;36954;7848;
Владимирская область;2005;552;81952;12290;
Воронежская область;2005;988;76779;16246;
Ивановская область;2005;247;27398;11568;
Калужская область;2005;928;55376;12331;
Костромская область;2005;91;24827;13621;
Курская область;2005;21015;35524;23212;
Липецкая область;2005;1203;180855;16893;
Московская область;2005;3784;523215;91538;
Орловская область;2005;71;34782;8135;
Рязанская область;2005;616;53929;16108;
Смоленская область;2005;620;51398;23392;
Тамбовская область;2005;55.6;23070;6506;
Тверская область;2005;225;59322;22640;
Тульская область;2005;955;125102;18988;
Ярославская область;2005;372;93471;17189;
г. Москва;2005;4141;1002261;158824;
Северо-Западный федеральный округ;2005;187829;1096474;191670;
Республика Карелия;2005;20228;31303;9108;
Республика Коми;2005;78788;70478;16074;
Архангельская область;2005;43465;64488;14522;
в том числе: ;2005;0;0;0;
Ненецкий автономный округ;2005;41898;345;500;
Архангельская область без автономного округа;2005;1567;64143;14022;
Вологодская область;2005;163;213085;17218;
Калининградская область;2005;12487;61613;7612;
Ленинградская область;2005;4130;162570;31720;
Мурманская область;2005;27036;45558;23278;
Новгородская область;2005;181;52412;7545;
Псковская область;2005;92.3;22475;5045;
г. Санкт-Петербург;2005;1261;372491;59549;
Южный             федеральный округ;2005;45331;520501;108868;
Республика Адыгея;2005;568;5480;1935;
Республика Калмыкия;2005;1062;396;1312;
Республика Крым;2005;0;0;0;
Краснодарский край;2005;10226;139321;35416;
Астраханская область;2005;9504;21550;9869;
Волгоградская область;2005;16004;190585;25610;
Ростовская область;2005;7968;163170;34726;
г. Севастополь;2005;0;0;0;
Северо-Кавказский        федеральный округ;2005;8686;91706;50922;
Республика Дагестан;2005;2680;10546;4411;
Республика Ингушетия;2005;643;189;227;
Кабардино-Балкарская Республика;2005;74.4;9110;2854;
Карачаево-Черкесская Республика;2005;543;7490;3317;
Республика Северная Осетия - Алания;2005;145;14035;2593;
Чеченская Республика;2005;0;0;0;
Ставропольский край;2005;4601;50335;37521;
Приволжский федеральный округ;2005;531234;2120016;378245;
Республика Башкортостан;2005;66864;366255;35435;
Республика Марий Эл;2005;79.7;20157;5575;
Республика Мордовия;2005;63;39544;7639;
Республика Татарстан;2005;197226;261113;41495;
Удмуртская Республика;2005;46128;69373;12959;
Чувашская Республика;2005;180;48071;11524;
Пермский край;2005;60873;274132;66146;
Кировская область;2005;208;51029;14548;
Нижегородская область ;2005;346;334850;37885;
Оренбургская область;2005;89821;105243;33304;
Пензенская область;2005;740;37202;9751;
Самарская область;2005;55566;376301;55790;
Саратовская область;2005;10075;78374;34637;
Ульяновская область;2005;3064;58372;11558;
Уральский         федеральный округ;2005;1698324;1193848;212640;
Курганская область;2005;306;24593;7921;
Свердловская область ;2005;34106;470694;61591;
Тюменская область;2005;1656325;300769;108962;
в том числе:;2005;0;0;0;
Ханты-Мансийский автономный округ - Югра;2005;1285302;45961;81425;
Ямало-Ненецкий автономный округ;2005;364787;27073;13366;
Тюменская область  без автономных округов;2005;6237;227735;14171;
Челябинская область;2005;7587;397792;34165;
Сибирский        федеральный округ;2005;317887;1130859;240201;
Республика Алтай;2005;283;460;609;
Республика Тыва;2005;6364;18997;12478;
Республика Хакасия;2005;1014;427;795;
Алтайский край;2005;6770;22819;7883;
Красноярский край;2005;461;70382;21777;
Иркутская область;2005;8994;5136;10891;
Кемеровская область;2005;26470;303894;42463;
Новосибирская область ;2005;17106;158265;29019;
Омская область;2005;161231;185574;44851;
Томская область;2005;13369;93955;36436;
Дальневосточный федеральный округ;2005;3813;224305;19231;
Республика Бурятия;2005;72011;46645;13769;
Республика Саха (Якутия);2005;196777;130623;104935;
Забайкальский край;2005;112305;14066;18410;
Камчатский край;2005;2556;8628;9663;
Приморский край;2005;6489;36366;25973;
Хабаровский край ;2005;13917;45204;21087;
Амурская область;2005;7942;8640;15233;
Магаданская область;2005;14883;2748;3979;
Сахалинская область;2005;35817;11802;6840;
Еврейская автономная область;2005;220;2326;817;
Чукотский автономный округ;2005;2648;843;2931;
Центральный федеральный округ;2006;184869;3428776;697105;
Белгородская область;2006;41102;136649;17033;
Брянская область;2006;142;46796;8145;
Владимирская область;2006;750;99361;15453;
Воронежская область;2006;1477;89883;20880;
Ивановская область;2006;364;33667;14348;
Калужская область;2006;1170;67938;9113;
Костромская область;2006;91.4;34066;16135;
Курская область;2006;21934;43204;25353;
Липецкая область;2006;1972;219488;14347;
Московская область;2006;5215;625949;105960;
Орловская область;2006;66.6;40798;6887;
Рязанская область;2006;688;65181;19137;
Смоленская область;2006;685;58954;26771;
Тамбовская область;2006;34.5;26668;6834;
Тверская область;2006;469;73050;32759;
Тульская область;2006;1265;144827;23576;
Ярославская область;2006;368;102701;19541;
г. Москва;2006;107079;1519597;314834;
Северо-Западный федеральный округ;2006;214479;1309058;213953;
Республика Карелия;2006;17315;36610;10087;
Республика Коми;2006;95499;82225;23098;
Архангельская область;2006;51683;58912;20795;
в том числе: ;2006;0;0;0;
Ненецкий автономный округ;2006;50636;427;668;
Архангельская область без автономного округа;2006;1047;58485;20127;
Вологодская область;2006;207;236960;20246;
Калининградская область;2006;12829;106265;9285;
Ленинградская область;2006;5912;205677;36580;
Мурманская область;2006;29477;54700;23039;
Новгородская область;2006;245;59270;8397;
Псковская область;2006;137;26226;5657;
г. Санкт-Петербург;2006;1176;442213;56769;
Южный             федеральный округ;2006;56939;633118;121567;
Республика Адыгея;2006;603;6366;1899;
Республика Калмыкия;2006;819;472;1414;
Республика Крым;2006;0;0;0;
Краснодарский край;2006;13610;178197;39048;
Астраханская область;2006;13371;24040;8155;
Волгоградская область;2006;18701;232831;28490;
Ростовская область;2006;9835;191212;42561;
г. Севастополь;2006;0;0;0;
Северо-Кавказский        федеральный округ;2006;10607;105976;49189;
Республика Дагестан;2006;2331;11856;5111;
Республика Ингушетия;2006;560;328;351;
Кабардино-Балкарская Республика;2006;94.3;9818;3459;
Карачаево-Черкесская Республика;2006;822;7171;3434;
Республика Северная Осетия - Алания;2006;360;17056;3769;
Чеченская Республика;2006;0;0;0;
Ставропольский край;2006;6440;59747;33065;
Приволжский федеральный округ;2006;668803;2582668;426364;
Республика Башкортостан;2006;88648;413858;49242;
Республика Марий Эл;2006;107;29078;6167;
Республика Мордовия;2006;59.7;48727;8879;
Республика Татарстан;2006;203086;364382;44887;
Удмуртская Республика;2006;55195;88026;16729;
Чувашская Республика;2006;196;59885;14212;
Пермский край;2006;72368;311569;57812;
Кировская область;2006;216;62154;19273;
Нижегородская область ;2006;523;424301;42565;
Оренбургская область;2006;162966;118693;41118;
Пензенская область;2006;897;44192;11848;
Самарская область;2006;70031;454157;55316;
Саратовская область;2006;11071;92991;45177;
Ульяновская область;2006;3441;70656;13139;
Уральский         федеральный округ;2006;2026807;1549378;278692;
Курганская область;2006;511;32589;8546;
Свердловская область ;2006;37894;602507;83638;
Тюменская область;2006;1978788;416889;141491;
в том числе:;2006;0;0;0;
Ханты-Мансийский автономный округ - Югра;2006;1511714;64709;105267;
Ямало-Ненецкий автономный округ;2006;459580;34582;19192;
Тюменская область  без автономных округов;2006;7494;317598;17032;
Челябинская область;2006;9613;497392;45017;
Сибирский        федеральный округ;2006;328836;1432347;288657;
Республика Алтай;2006;320;762;929;
Республика Тыва;2006;5792;19963;12889;
Республика Хакасия;2006;1248;606;860;
Алтайский край;2006;8230;30418;10797;
Красноярский край;2006;969;91823;23693;
Иркутская область;2006;10820;6870;11848;
Кемеровская область;2006;29105;429588;56565;
Новосибирская область ;2006;19153;205757;40306;
Омская область;2006;160620;205389;51030;
Томская область;2006;15782;123037;42562;
Дальневосточный федеральный округ;2006;5402;254951;21122;
Республика Бурятия;2006;71393;63182;16054;
Республика Саха (Якутия);2006;229548;144054;123161;
Забайкальский край;2006;119451;10965;22007;
Камчатский край;2006;2687;8659;12224;
Приморский край;2006;7126;42464;29698;
Хабаровский край ;2006;14507;53472;23857;
Амурская область;2006;9577;9620;16664;
Магаданская область;2006;14755;2518;5079;
Сахалинская область;2006;57863;12865;8694;
Еврейская автономная область;2006;187;2508;962;
Чукотский автономный округ;2006;3395;984;3975;
Центральный федеральный округ;2007;541418;4431493;640395;
Белгородская область;2007;56923;191798;16144;
Брянская область;2007;160;59920;8010;
Владимирская область;2007;1149;144721;13835;
Воронежская область;2007;2024;109969;20814;
Ивановская область;2007;458;44112;14148;
Калужская область;2007;1414;91071;7666;
Костромская область;2007;160;50948;16441;
Курская область;2007;26158;58246;28592;
Липецкая область;2007;3408;253262;13234;
Московская область;2007;7497;908782;106007;
Орловская область;2007;121;47795;8621;
Рязанская область;2007;1056;85367;19273;
Смоленская область;2007;851;75328;27864;
Тамбовская область;2007;101;39039;6872;
Тверская область;2007;521;90524;37214;
Тульская область;2007;1820;189131;23970;
Ярославская область;2007;440;139835;17812;
г. Москва;2007;437158;1851644;253879;
Северо-Западный федеральный округ;2007;250796;1622577;257644;
Республика Карелия;2007;22627;44273;9983;
Республика Коми;2007;91248;86494;20576;
Архангельская область;2007;78514;68047;18929;
в том числе: ;2007;0;0;0;
Ненецкий автономный округ;2007;77581;498;717;
Архангельская область без автономного округа;2007;933;67549;18212;
Вологодская область;2007;259;292700;20023;
Калининградская область;2007;13800;164536;11654;
Ленинградская область;2007;7461;244352;42783;
Мурманская область;2007;35362;64201;25805;
Новгородская область;2007;186;73162;6754;
Псковская область;2007;271;34817;5903;
г. Санкт-Петербург;2007;1070;549995;95233;
Южный             федеральный округ;2007;60989;816560;127445;
Республика Адыгея;2007;803;8420;1573;
Республика Калмыкия;2007;753;499;1029;
Республика Крым;2007;0;0;0;
Краснодарский край;2007;10080;242425;49614;
Астраханская область;2007;13687;29939;8323;
Волгоградская область;2007;20812;280312;26305;
Ростовская область;2007;14854;254965;40601;
г. Севастополь;2007;0;0;0;
Северо-Кавказский        федеральный округ;2007;14556;138445;51336;
Республика Дагестан;2007;2717;15717;5743;
Республика Ингушетия;2007;409;346;390;
Кабардино-Балкарская Республика;2007;121;11403;4427;
Карачаево-Черкесская Республика;2007;920;9227;3020;
Республика Северная Осетия - Алания;2007;383;20859;4663;
Чеченская Республика;2007;5462;855;2161;
Ставропольский край;2007;4544;80039;30931;
Приволжский федеральный округ;2007;745444;3181616;422260;
Республика Башкортостан;2007;100319;450258;45780;
Республика Марий Эл;2007;143;41938;5011;
Республика Мордовия;2007;182;70793;8195;
Республика Татарстан;2007;232786;469758;55644;
Удмуртская Республика;2007;72067;111966;16212;
Чувашская Республика;2007;260;83812;10858;
Пермский край;2007;79213;400123;53264;
Кировская область;2007;313;76561;17304;
Нижегородская область ;2007;840;556493;40829;
Оренбургская область;2007;163171;147790;48128;
Пензенская область;2007;1115;58308;9593;
Самарская область;2007;77380;495259;56643;
Саратовская область;2007;13716;125971;43594;
Ульяновская область;2007;3940;92585;11206;
Уральский         федеральный округ;2007;2098437;1930170;278843;
Курганская область;2007;844;41721;8096;
Свердловская область ;2007;49355;746141;100586;
Тюменская область;2007;2035408;481550;123336;
в том числе:;2007;0;0;0;
Ханты-Мансийский автономный округ - Югра;2007;1562900;93547;80445;
Ямало-Ненецкий автономный округ;2007;464564;39123;23107;
Тюменская область  без автономных округов;2007;7944;348880;19784;
Челябинская область;2007;12830;660758;46825;
Сибирский        федеральный округ;2007;406401;1679184;272769;
Республика Алтай;2007;405;1051;828;
Республика Тыва;2007;4943;23844;10746;
Республика Хакасия;2007;1425;688;1253;
Алтайский край;2007;8910;41937;9307;
Красноярский край;2007;2238;108789;19258;
Иркутская область;2007;13330;8133;10416;
Кемеровская область;2007;35344;524538;52348;
Новосибирская область ;2007;30126;206267;41852;
Омская область;2007;208671;246246;57402;
Томская область;2007;20821;148447;33915;
Дальневосточный федеральный округ;2007;3623;301403;21460;
Республика Бурятия;2007;76565;67841;13984;
Республика Саха (Якутия);2007;370874;177732;131752;
Забайкальский край;2007;116077;12581;25138;
Камчатский край;2007;4494;10215;13464;
Приморский край;2007;7209;48893;31408;
Хабаровский край ;2007;16397;72257;24291;
Амурская область;2007;10649;11344;16758;
Магаданская область;2007;13718;2656;5638;
Сахалинская область;2007;198687;16168;9369;
Еврейская автономная область;2007;453;3176;1554;
Чукотский автономный округ;2007;3190;442;4133;
Центральный федеральный округ;2008;590703;5304670;761655;
Белгородская область;2008;62221;270781;17132;
Брянская область;2008;158;72687;9274;
Владимирская область;2008;1672;160853;17246;
Воронежская область;2008;2816;139869;27017;
Ивановская область;2008;676;54707;16125;
Калужская область;2008;2236;151481;9189;
Костромская область;2008;230;63379;20891;
Курская область;2008;33709;69999;34961;
Липецкая область;2008;4124;317543;16667;
Московская область;2008;11931;1069303;136929;
Орловская область;2008;130;49613;7347;
Рязанская область;2008;1239;105334;23401;
Смоленская область;2008;1306;86744;35850;
Тамбовская область;2008;82.4;43779;8998;
Тверская область;2008;822;119022;42660;
Тульская область;2008;2678;246030;24608;
Ярославская область;2008;637;154084;21309;
г. Москва;2008;464034;2129463;292051;
Северо-Западный федеральный округ;2008;333354;2018453;272304;
Республика Карелия;2008;27768;47893;11081;
Республика Коми;2008;125954;88213;24316;
Архангельская область;2008;90815;86748;20999;
в том числе: ;2008;0;0;0;
Ненецкий автономный округ;2008;88966;573;927;
Архангельская область без автономного округа;2008;1849;86175;20072;
Вологодская область;2008;312;375167;21750;
Калининградская область;2008;15106;193985;13974;
Ленинградская область;2008;11000;315967;52397;
Мурманская область;2008;60270;50921;30184;
Новгородская область;2008;338;97937;8301;
Псковская область;2008;409;40507;6424;
г. Санкт-Петербург;2008;1381;721113;82880;
Южный             федеральный округ;2008;71021;1064262;155924;
Республика Адыгея;2008;1945;12125;1851;
Республика Калмыкия;2008;676;866;1128;
Республика Крым;2008;0;0;0;
Краснодарский край;2008;13300;284076;61992;
Астраханская область;2008;9319;67243;8130;
Волгоградская область;2008;23400;364525;31709;
Ростовская область;2008;22381;335426;51114;
г. Севастополь;2008;0;0;0;
Северо-Кавказский        федеральный округ;2008;15434;169845;66123;
Республика Дагестан;2008;2235;16949;8349;
Республика Ингушетия;2008;395;334;536;
Кабардино-Балкарская Республика;2008;118;16533;5183;
Карачаево-Черкесская Республика;2008;1139;11722;3626;
Республика Северная Осетия - Алания;2008;367;17598;3486;
Чеченская Республика;2008;4951;1200;2909;
Ставропольский край;2008;6228;105509;42034;
Приволжский федеральный округ;2008;860060;3885409;507734;
Республика Башкортостан;2008;121796;536508;51786;
Республика Марий Эл;2008;291;50927;5829;
Республика Мордовия;2008;188;80856;6667;
Республика Татарстан;2008;268193;598467;66223;
Удмуртская Республика;2008;83775;123799;19368;
Чувашская Республика;2008;401;123335;14924;
Пермский край;2008;90844;567313;66240;
Кировская область;2008;463;97820;20976;
Нижегородская область ;2008;1087;639123;51711;
Оренбургская область;2008;180118;168113;52498;
Пензенская область;2008;1222;74423;10781;
Самарская область;2008;91841;560942;64151;
Саратовская область;2008;15171;159588;62869;
Ульяновская область;2008;4671;104196;13710;
Уральский         федеральный округ;2008;2396131;2319347;335824;
Курганская область;2008;1152;50642;9927;
Свердловская область ;2008;54595;823496;109889;
Тюменская область;2008;2323781;656210;154597;
в том числе:;2008;0;0;0;
Ханты-Мансийский автономный округ - Югра;2008;1755504;142655;101634;
Ямало-Ненецкий автономный округ;2008;559252;46039;26579;
Тюменская область  без автономных округов;2008;9025;467516;26385;
Челябинская область;2008;16603;788999;61411;
Сибирский        федеральный округ;2008;569596;1866857;330033;
Республика Алтай;2008;494;1082;1013;
Республика Тыва;2008;12225;29314;11978;
Республика Хакасия;2008;1885;436;1919;
Алтайский край;2008;10925;43561;13474;
Красноярский край;2008;3095;154664;23896;
Иркутская область;2008;17098;9955;12149;
Кемеровская область;2008;46537;457206;64816;
Новосибирская область ;2008;34376;227549;48036;
Омская область;2008;312055;314105;64074;
Томская область;2008;37441;176438;42517;
Дальневосточный федеральный округ;2008;3548;381956;26616;
Республика Бурятия;2008;89916;70590;19545;
Республика Саха (Якутия);2008;435432;234771;143392;
Забайкальский край;2008;136023;15065;27401;
Камчатский край;2008;4567;11219;12670;
Приморский край;2008;6916;63647;32673;
Хабаровский край ;2008;19118;104731;28754;
Амурская область;2008;15132;14032;17634;
Магаданская область;2008;15757;2884;6397;
Сахалинская область;2008;217105;18888;10413;
Еврейская автономная область;2008;308;3817;1985;
Чукотский автономный округ;2008;20506;488;5464;
Центральный федеральный округ;2009;548343;4483283;920480;
Белгородская область;2009;35375;241638;18758;
Брянская область;2009;172;57848;10540;
Владимирская область;2009;1303;142252;20017;
Воронежская область;2009;2865;132503;34451;
Ивановская область;2009;429;49501;18128;
Калужская область;2009;1652;153673;14980;
Костромская область;2009;146;49822;21175;
Курская область;2009;16707;70859;44433;
Липецкая область;2009;3084;228463;17952;
Московская область;2009;9612;1032253;181525;
Орловская область;2009;93.2;40435;8236;
Рязанская область;2009;940;96548;25243;
Смоленская область;2009;950;80049;44413;
Тамбовская область;2009;195;46862;9748;
Тверская область;2009;384;103601;48213;
Тульская область;2009;1895;190036;26831;
Ярославская область;2009;494;128661;24241;
г. Москва;2009;472047;1638278;351595;
Северо-Западный федеральный округ;2009;356524;2062554;330780;
Республика Карелия;2009;17030;40963;13194;
Республика Коми;2009;127254;87279;30123;
Архангельская область;2009;141694;62539;24662;
в том числе: ;2009;0;0;0;
Ненецкий автономный округ;2009;139683;802;1384;
Архангельская область без автономного округа;2009;2011;61737;23278;
Вологодская область;2009;288;235523;24061;
Калининградская область;2009;13290;157168;15193;
Ленинградская область;2009;8447;318178;64825;
Мурманская область;2009;46719;52570;36155;
Новгородская область;2009;547;80262;9942;
Псковская область;2009;453;33981;7675;
г. Санкт-Петербург;2009;801;994090;104951;
Южный             федеральный округ;2009;68996;867120;184759;
Республика Адыгея;2009;816;13083;1662;
Республика Калмыкия;2009;923;957;1622;
Республика Крым;2009;0;0;0;
Краснодарский край;2009;13581;263229;73786;
Астраханская область;2009;18548;33631;10790;
Волгоградская область;2009;22995;293914;41187;
Ростовская область;2009;12133;262304;55711;
г. Севастополь;2009;0;0;0;
Северо-Кавказский        федеральный округ;2009;14007;175010;77716;
Республика Дагестан;2009;2068;19992;11402;
Республика Ингушетия;2009;380;401;721;
Кабардино-Балкарская Республика;2009;224;17841;6872;
Карачаево-Черкесская Республика;2009;1095;11388;4462;
Республика Северная Осетия - Алания;2009;319;11396;6685;
Чеченская Республика;2009;4152;813;3984;
Ставропольский край;2009;5769;113179;43592;
Приволжский федеральный округ;2009;811342;3142023;576193;
Республика Башкортостан;2009;72203;481033;57923;
Республика Марий Эл;2009;215;46595;7510;
Республика Мордовия;2009;164;64907;7772;
Республика Татарстан;2009;281542;504914;81105;
Удмуртская Республика;2009;74725;105247;21962;
Чувашская Республика;2009;244;89666;18125;
Пермский край;2009;87231;442701;69337;
Кировская область;2009;470;77064;21531;
Нижегородская область ;2009;730;533173;67536;
Оренбургская область;2009;185875;117413;55937;
Пензенская область;2009;1000;73490;13264;
Самарская область;2009;90557;393269;69309;
Саратовская область;2009;12185;130222;67527;
Ульяновская область;2009;4199;82329;17356;
Уральский         федеральный округ;2009;2246862;1786505;387384;
Курганская область;2009;1186;39211;12038;
Свердловская область ;2009;39051;647765;119177;
Тюменская область;2009;2192210;568902;196387;
в том числе:;2009;0;0;0;
Ханты-Мансийский автономный округ - Югра;2009;1674428;123720;132870;
Ямало-Ненецкий автономный округ;2009;498136;61100;31426;
Тюменская область  без автономных округов;2009;19646;384081;32091;
Челябинская область;2009;14416;530627;59782;
Сибирский        федеральный округ;2009;550757;1630742;380562;
Республика Алтай;2009;541;1172;1281;
Республика Тыва;2009;14661;31817;12768;
Республика Хакасия;2009;2128;640;2215;
Алтайский край;2009;13679;39570;16216;
Красноярский край;2009;3383;118002;26748;
Иркутская область;2009;20270;8098;13893;
Кемеровская область;2009;85992;419735;76587;
Новосибирская область ;2009;40988;213086;60271;
Омская область;2009;258324;219491;69610;
Томская область;2009;27079;168754;51580;
Дальневосточный федеральный округ;2009;964;342654;29919;
Республика Бурятия;2009;82748;67722;19474;
Республика Саха (Якутия);2009;494142;204749;172291;
Забайкальский край;2009;109235;15135;33367;
Камчатский край;2009;5169;13129;12874;
Приморский край;2009;8021;72261;41323;
Хабаровский край ;2009;22804;60841;33902;
Амурская область;2009;23995;15097;21774;
Магаданская область;2009;20871;2796;7392;
Сахалинская область;2009;267746;22235;12223;
Еврейская автономная область;2009;216;2840;2287;
Чукотский автономный округ;2009;36086;414;7150;
Центральный федеральный округ;2010;623877;5726918;1156520;
Белгородская область;2010;73704;319536;22525;
Брянская область;2010;248;73863;12959;
Владимирская область;2010;1517;189370;22523;
Воронежская область;2010;2737;175892;42016;
Ивановская область;2010;596;70363;24728;
Калужская область;2010;2001;281124;13024;
Костромская область;2010;185;70201;24703;
Курская область;2010;38473;82608;54343;
Липецкая область;2010;3046;303619;22716;
Московская область;2010;7184;1241243;243277;
Орловская область;2010;89.9;53966;9690;
Рязанская область;2010;1527;129847;29031;
Смоленская область;2010;1104;105017;53812;
Тамбовская область;2010;97.8;50413;10714;
Тверская область;2010;922;124106;59476;
Тульская область;2010;1810;243146;33875;
Ярославская область;2010;581;162944;27718;
г. Москва;2010;488055;2049658;449391;
Северо-Западный федеральный округ;2010;444036;2719389;397412;
Республика Карелия;2010;35188;51969;16453;
Республика Коми;2010;166406;100923;34421;
Архангельская область;2010;155734;98362;28727;
в том числе: ;2010;0;0;0;
Ненецкий автономный округ;2010;153567;1150;1692;
Архангельская область без автономного округа;2010;2167;97212;27035;
Вологодская область;2010;349;319956;29537;
Калининградская область;2010;13034;216767;18293;
Ленинградская область;2010;8314;376894;77932;
Мурманская область;2010;62384;88593;43398;
Новгородская область;2010;626;99845;11480;
Псковская область;2010;278;47186;9361;
г. Санкт-Петербург;2010;1722;1318896;127811;
Южный             федеральный округ;2010;85290;1137396;216433;
Республика Адыгея;2010;705;18125;1490;
Республика Калмыкия;2010;1527;1131;1862;
Республика Крым;2010;0;0;0;
Краснодарский край;2010;17080;341187;84354;
Астраханская область;2010;22508;40938;13238;
Волгоградская область;2010;29847;384317;47922;
Ростовская область;2010;13623;351699;67567;
г. Севастополь;2010;0;0;0;
Северо-Кавказский        федеральный округ;2010;15357;212854;88778;
Республика Дагестан;2010;2426;16601;14167;
Республика Ингушетия;2010;392;455;1328;
Кабардино-Балкарская Республика;2010;126;22267;8394;
Карачаево-Черкесская Республика;2010;1524;17284;5235;
Республика Северная Осетия - Алания;2010;407;14003;4853;
Чеченская Республика;2010;4053;4703;4283;
Ставропольский край;2010;6429;137541;50518;
Приволжский федеральный округ;2010;945046;4137162;703033;
Республика Башкортостан;2010;93809;667879;72571;
Республика Марий Эл;2010;218;62551;8729;
Республика Мордовия;2010;156;85372;9566;
Республика Татарстан;2010;307284;672165;90876;
Удмуртская Республика;2010;86187;128219;24567;
Чувашская Республика;2010;358;106128;21676;
Пермский край;2010;111410;548696;79829;
Кировская область;2010;569;101916;25798;
Нижегородская область ;2010;802;699109;79810;
Оренбургская область;2010;215311;151634;81503;
Пензенская область;2010;1359;84150;14497;
Самарская область;2010;108290;549311;87391;
Саратовская область;2010;14205;168256;82064;
Ульяновская область;2010;5089;111776;24155;
Уральский         федеральный округ;2010;2525077;2475835;463867;
Курганская область;2010;1582;53376;16902;
Свердловская область ;2010;61206;902605;141380;
Тюменская область;2010;2444036;751271;232376;
в том числе:;2010;0;0;0;
Ханты-Мансийский автономный округ - Югра;2010;1852415;158286;163049;
Ямало-Ненецкий автономный округ;2010;558134;71151;32847;
Тюменская область  без автономных округов;2010;33486;521834;36480;
Челябинская область;2010;18253;768584;73209;
Сибирский        федеральный округ;2010;877031;2162010;440529;
Республика Алтай;2010;509;1597;1637;
Республика Тыва;2010;9269;40081;15558;
Республика Хакасия;2010;3011;769;2860;
Алтайский край;2010;20857;50947;13689;
Красноярский край;2010;4403;168752;31794;
Иркутская область;2010;39001;11385;14713;
Кемеровская область;2010;240571;571329;86045;
Новосибирская область ;2010;68817;272410;77346;
Омская область;2010;377514;309471;80869;
Томская область;2010;16455;229324;59332;
Дальневосточный федеральный округ;2010;4784;409133;33713;
Республика Бурятия;2010;91842;96814;22972;
Республика Саха (Якутия);2010;702239;309172;198707;
Забайкальский край;2010;214206;24515;37946;
Камчатский край;2010;6326;37350;14948;
Приморский край;2010;10656;104562;47025;
Хабаровский край ;2010;25291;93965;39891;
Амурская область;2010;26599;18568;26935;
Магаданская область;2010;29546;2921;8183;
Сахалинская область;2010;353836;23694;13965;
Еврейская автономная область;2010;286;2998;2866;
Чукотский автономный округ;2010;35494;599;6950;
Центральный федеральный округ;2011;833562;6764832;1392745;
Белгородская область;2011;110158;369161;25058;
Брянская область;2011;370;91982;14010;
Владимирская область;2011;1632;222325;26368;
Воронежская область;2011;3100;228302;42596;
Ивановская область;2011;664;73821;25071;
Калужская область;2011;1530;356188;15088;
Костромская область;2011;254;81591;29461;
Курская область;2011;53257;94857;55638;
Липецкая область;2011;3655;355824;26349;
Московская область;2011;7456;1425058;306841;
Орловская область;2011;182;66442;13674;
Рязанская область;2011;1806;148009;33583;
Смоленская область;2011;1270;121947;45821;
Тамбовская область;2011;96.9;80490;11941;
Тверская область;2011;1343;142949;62821;
Тульская область;2011;2310;308752;34306;
Ярославская область;2011;1433;191968;30340;
г. Москва;2011;643044;2405167;593779;
Северо-Западный федеральный округ;2011;544018;3427815;458889;
Республика Карелия;2011;51772;56072;17977;
Республика Коми;2011;204529;135497;35958;
Архангельская область;2011;174092;101947;30895;
в том числе: ;2011;0;0;0;
Ненецкий автономный округ;2011;171225;848;1842;
Архангельская область без автономного округа;2011;2866;101099;29053;
Вологодская область;2011;359;400082;27596;
Калининградская область;2011;16594;275795;25112;
Ленинградская область;2011;9384;449543;103228;
Мурманская область;2011;82722;87229;48568;
Новгородская область;2011;959;119362;11682;
Псковская область;2011;441;61752;10460;
г. Санкт-Петербург;2011;3165;1740536;147414;
Южный             федеральный округ;2011;109798;1333935;260536;
Республика Адыгея;2011;907;20718;1698;
Республика Калмыкия;2011;1705;1171;2155;
Республика Крым;2011;0;0;0;
Краснодарский край;2011;18334;385870;98677;
Астраханская область;2011;32246;47863;15615;
Волгоградская область;2011;39243;441571;54424;
Ростовская область;2011;17364;436742;87967;
г. Севастополь;2011;0;0;0;
Северо-Кавказский        федеральный округ;2011;16974;255379;103048;
Республика Дагестан;2011;2898;24808;14072;
Республика Ингушетия;2011;775;1094;1578;
Кабардино-Балкарская Республика;2011;109;27704;10227;
Карачаево-Черкесская Республика;2011;1615;23424;5232;
Республика Северная Осетия - Алания;2011;326;15522;7129;
Чеченская Республика;2011;4405;1646;4585;
Ставропольский край;2011;6845;161181;60226;
Приволжский федеральный округ;2011;1245956;5163857;788337;
Республика Башкортостан;2011;117016;824214;88506;
Республика Марий Эл;2011;281;72786;10067;
Республика Мордовия;2011;237;88601;10509;
Республика Татарстан;2011;373952;864115;107240;
Удмуртская Республика;2011;113253;158015;28646;
Чувашская Республика;2011;484;114603;21909;
Пермский край;2011;184063;732429;89355;
Кировская область;2011;681;129040;28800;
Нижегородская область ;2011;1597;873575;84439;
Оренбургская область;2011;282235;174977;96823;
Пензенская область;2011;1605;99663;17663;
Самарская область;2011;145226;689251;98420;
Саратовская область;2011;18191;208323;81174;
Ульяновская область;2011;7135;134265;24784;
Уральский         федеральный округ;2011;3155976;2987202;519743;
Курганская область;2011;1846;60016;18663;
Свердловская область ;2011;70638;1094825;170797;
Тюменская область;2011;3060890;906594;249728;
в том числе:;2011;0;0;0;
Ханты-Мансийский автономный округ - Югра;2011;2332816;108903;172588;
Ямало-Ненецкий автономный округ;2011;671459;97675;35527;
Тюменская область  без автономных округов;2011;56615;700016;41613;
Челябинская область;2011;22603;925767;80554;
Сибирский        федеральный округ;2011;1145090;2516797;481990;
Республика Алтай;2011;862;1296;1654;
Республика Тыва;2011;12808;51115;19826;
Республика Хакасия;2011;3376;514;2868;
Алтайский край;2011;26536;56595;21462;
Красноярский край;2011;6041;189279;31991;
Иркутская область;2011;40377;14365;18311;
Кемеровская область;2011;266636;628113;95432;
Новосибирская область ;2011;129795;299406;81275;
Омская область;2011;507993;385413;85949;
Томская область;2011;19674;249816;61592;
Дальневосточный федеральный округ;2011;4411;529355;36013;
Республика Бурятия;2011;126582;111529;25617;
Республика Саха (Якутия);2011;968843;363462;213850;
Забайкальский край;2011;285757;28002;42849;
Камчатский край;2011;6439;39742;15370;
Приморский край;2011;14195;127103;51397;
Хабаровский край ;2011;29187;115875;44320;
Амурская область;2011;49973;20829;25889;
Магаданская область;2011;41815;3899;9705;
Сахалинская область;2011;502527;24193;16183;
Еврейская автономная область;2011;402;3073;2500;
Чукотский автономный округ;2011;38547;744;5637;
Центральный федеральный округ;2012;892151;7455335;1298228;
Белгородская область;2012;94390;409330;25259;
Брянская область;2012;409;110055;14102;
Владимирская область;2012;2143;244800;28155;
Воронежская область;2012;5618;250019;47265;
Ивановская область;2012;740;82750;25238;
Калужская область;2012;1616;420364;16812;
Костромская область;2012;233;96283;30807;
Курская область;2012;48979;104612;51342;
Липецкая область;2012;5140;382979;26035;
Московская область;2012;8514;1528670;262031;
Орловская область;2012;288;70810;13668;
Рязанская область;2012;2237;173419;33277;
Смоленская область;2012;1777;129460;46344;
Тамбовская область;2012;115;83331;13264;
Тверская область;2012;1961;165889;69644;
Тульская область;2012;3569;327597;35501;
Ярославская область;2012;1086;219859;30570;
г. Москва;2012;713336;2655111;528916;
Северо-Западный федеральный округ;2012;580608;3891769;473141;
Республика Карелия;2012;48762;54158;19825;
Республика Коми;2012;237306;147305;36423;
Архангельская область;2012;178971;119015;32406;
в том числе: ;2012;0;0;0;
Ненецкий автономный округ;2012;176814;1154;2078;
Архангельская область без автономного округа;2012;2157;117861;30328;
Вологодская область;2012;437;388255;30941;
Калининградская область;2012;17128;325691;20322;
Ленинградская область;2012;15531;504378;106698;
Мурманская область;2012;78944;96299;52005;
Новгородская область;2012;1106;124884;13172;
Псковская область;2012;656;62390;10423;
г. Санкт-Петербург;2012;1769;2069394;150925;
Южный             федеральный округ;2012;154963;1524433;261665;
Республика Адыгея;2012;1742;23705;1988;
Республика Калмыкия;2012;1715;862;2499;
Республика Крым;2012;0;0;0;
Краснодарский край;2012;18988;483091;100329;
Астраханская область;2012;68393;39812;17151;
Волгоградская область;2012;45511;487116;53947;
Ростовская область;2012;18614;489848;85751;
г. Севастополь;2012;0;0;0;
Северо-Кавказский        федеральный округ;2012;19252;279382;101620;
Республика Дагестан;2012;3447;27508;12152;
Республика Ингушетия;2012;1051;2594;1342;
Кабардино-Балкарская Республика;2012;177;34268;8092;
Карачаево-Черкесская Республика;2012;1754;34094;5603;
Республика Северная Осетия - Алания;2012;358;15564;6555;
Чеченская Республика;2012;4290;3065;5304;
Ставропольский край;2012;8173;162289;62572;
Приволжский федеральный округ;2012;1355243;5687482;766523;
Республика Башкортостан;2012;133473;924132;88443;
Республика Марий Эл;2012;360;85833;9694;
Республика Мордовия;2012;166;101320;10212;
Республика Татарстан;2012;363156;995068;109757;
Удмуртская Республика;2012;124512;171789;27220;
Чувашская Республика;2012;695;131448;20790;
Пермский край;2012;213668;760028;90085;
Кировская область;2012;910;131145;28303;
Нижегородская область ;2012;1876;898070;80661;
Оренбургская область;2012;313118;211629;83189;
Пензенская область;2012;1878;115379;16713;
Самарская область;2012;171702;757031;98619;
Саратовская область;2012;20837;246788;80369;
Ульяновская область;2012;8891;157823;22469;
Уральский         федеральный округ;2012;3698249;3211212;528847;
Курганская область;2012;2511;67496;19170;
Свердловская область ;2012;62710;1212347;165583;
Тюменская область;2012;3605421;995337;261046;
в том числе:;2012;0;0;0;
Ханты-Мансийский автономный округ - Югра;2012;2631669;106657;175103;
Ямало-Ненецкий автономный округ;2012;890918;115409;41034;
Тюменская область  без автономных округов;2012;82834;773271;44910;
Челябинская область;2012;27607;936031;83047;
Сибирский        федеральный округ;2012;1182106;2664639;503123;
Республика Алтай;2012;740;1367;1817;
Республика Тыва;2012;14621;46116;17855;
Республика Хакасия;2012;3640;681;2920;
Алтайский край;2012;28159;61764;26770;
Красноярский край;2012;7209;198976;34398;
Иркутская область;2012;43689;25066;17819;
Кемеровская область;2012;248580;629581;105701;
Новосибирская область ;2012;190587;310081;81865;
Омская область;2012;478534;376757;89059;
Томская область;2012;22257;284940;60444;
Дальневосточный федеральный округ;2012;3006;609983;36516;
Республика Бурятия;2012;141085;119326;27958;
Республика Саха (Якутия);2012;1067496;396358;227002;
Забайкальский край;2012;317116;28029;45863;
Камчатский край;2012;7779;42342;15517;
Приморский край;2012;13869;150092;53814;
Хабаровский край ;2012;41711;120201;44974;
Амурская область;2012;53473;22025;26915;
Магаданская область;2012;59256;3895;10399;
Сахалинская область;2012;539776;25521;18533;
Еврейская автономная область;2012;398;3648;3014;
Чукотский автономный округ;2012;34116;605;7971;
Центральный федеральный округ;2013;985154;8528202;1368387;
Белгородская область;2013;96017;404467;28868;
Брянская область;2013;388;117647;10924;
Владимирская область;2013;3643;270978;30057;
Воронежская область;2013;7982;258914;55283;
Ивановская область;2013;687;91907;27609;
Калужская область;2013;3524;428617;17953;
Костромская область;2013;297;100103;33562;
Курская область;2013;50093;114020;50937;
Липецкая область;2013;5618;386962;27089;
Московская область;2013;9101;1611823;259976;
Орловская область;2013;136;71709;10280;
Рязанская область;2013;2466;191486;36072;
Смоленская область;2013;1990;137851;52194;
Тамбовская область;2013;163;89453;14354;
Тверская область;2013;1772;179909;82430;
Тульская область;2013;4336;366469;35887;
Ярославская область;2013;1135;237394;33447;
г. Москва;2013;795805;3468492;561464;
Северо-Западный федеральный округ;2013;621472;3962139;543409;
Республика Карелия;2013;51004;46614;20717;
Республика Коми;2013;248968;158458;39849;
Архангельская область;2013;184482;264884;34061;
в том числе: ;2013;0;0;0;
Ненецкий автономный округ;2013;181673;1092;2655;
Архангельская область без автономного округа;2013;2810;263791;31406;
Вологодская область;2013;495;374616;33740;
Калининградская область;2013;15302;339318;21825;
Ленинградская область;2013;15864;519640;137956;
Мурманская область;2013;93187;88347;57106;
Новгородская область;2013;1244;129436;13528;
Псковская область;2013;905;64413;10929;
г. Санкт-Петербург;2013;10019;1976412;173698;
Южный             федеральный округ;2013;182819;1610036;299044;
Республика Адыгея;2013;2164;28275;2139;
Республика Калмыкия;2013;2728;918;2459;
Республика Крым;2013;0;0;0;
Краснодарский край;2013;20948;532123;117373;
Астраханская область;2013;93638;48551;20124;
Волгоградская область;2013;45758;491157;58335;
Ростовская область;2013;17582;509012;98614;
г. Севастополь;2013;0;0;0;
Северо-Кавказский        федеральный округ;2013;20337;293914;110892;
Республика Дагестан;2013;3109;30708;14077;
Республика Ингушетия;2013;1344;3191;1477;
Кабардино-Балкарская Республика;2013;175;24126;7333;
Карачаево-Черкесская Республика;2013;1942;37600;6080;
Республика Северная Осетия - Алания;2013;433;16639;7074;
Чеченская Республика;2013;4910;4473;9765;
Ставропольский край;2013;8425;177176;65085;
Приволжский федеральный округ;2013;1499228;5895090;818301;
Республика Башкортостан;2013;146854;961320;97642;
Республика Марий Эл;2013;384;77450;11008;
Республика Мордовия;2013;185;106093;10654;
Республика Татарстан;2013;367108;1060483;121566;
Удмуртская Республика;2013;133616;190641;29524;
Чувашская Республика;2013;633;128289;21476;
Пермский край;2013;209238;783008;96926;
Кировская область;2013;848;135852;30721;
Нижегородская область ;2013;1741;943843;90996;
Оренбургская область;2013;420880;192004;62496;
Пензенская область;2013;649;128127;14480;
Самарская область;2013;186506;780879;115666;
Саратовская область;2013;20374;242266;90217;
Ульяновская область;2013;10212;164837;24930;
Уральский         федеральный округ;2013;3594732;3337978;569326;
Курганская область;2013;2447;74654;21682;
Свердловская область ;2013;54804;1257113;166297;
Тюменская область;2013;3506043;1103937;293842;
в том числе:;2013;0;0;0;
Ханты-Мансийский автономный округ - Югра;2013;2341619;384325;195094;
Ямало-Ненецкий автономный округ;2013;1054857;126393;48683;
Тюменская область  без автономных округов;2013;109567;593219;50065;
Челябинская область;2013;31438;902273;87505;
Сибирский        федеральный округ;2013;1211699;2787549;538020;
Республика Алтай;2013;575;2452;1838;
Республика Тыва;2013;14504;62738;20895;
Республика Хакасия;2013;3624;895;3220;
Алтайский край;2013;27946;65985;29211;
Красноярский край;2013;4068;205630;37721;
Иркутская область;2013;44813;22917;26109;
Кемеровская область;2013;296844;644297;119348;
Новосибирская область ;2013;213896;340427;82614;
Омская область;2013;438022;382331;89683;
Томская область;2013;22560;309416;60370;
Дальневосточный федеральный округ;2013;5781;621060;40478;
Республика Бурятия;2013;139066;129402;26534;
Республика Саха (Якутия);2013;1098304;424852;244195;
Забайкальский край;2013;338681;27823;50131;
Камчатский край;2013;5694;42785;16094;
Приморский край;2013;13637;181041;55777;
Хабаровский край ;2013;43233;114933;50372;
Амурская область;2013;49747;21952;27547;
Магаданская область;2013;53178;3797;11975;
Сахалинская область;2013;558867;28020;18429;
Еврейская автономная область;2013;414;3835;3235;
Чукотский автономный округ;2013;34853;666;10635;
Центральный федеральный округ;2014;901805;9764585;1411690;
Белгородская область;2014;84223;470245;27360;
Брянская область;2014;433;126465;13836;
Владимирская область;2014;4648;313682;31441;
Воронежская область;2014;5246;310682;57922;
Ивановская область;2014;747;91571;26531;
Калужская область;2014;3823;454878;19356;
Костромская область;2014;287;101088;36551;
Курская область;2014;43030;119510;59714;
Липецкая область;2014;5434;451426;27818;
Московская область;2014;10078;1767159;259484;
Орловская область;2014;125;80157;12259;
Рязанская область;2014;2033;200669;35038;
Смоленская область;2014;1398;140286;53872;
Тамбовская область;2014;158;100852;14813;
Тверская область;2014;968;183905;86541;
Тульская область;2014;5146;438462;41308;
Ярославская область;2014;1176;249696;33656;
г. Москва;2014;732853;4163850;574190;
Северо-Западный федеральный округ;2014;620388;4264441;566182;
Республика Карелия;2014;49048;55435;21843;
Республика Коми;2014;249068;161947;43161;
Архангельская область;2014;194882;155500;33853;
в том числе: ;2014;0;0;0;
Ненецкий автономный округ;2014;187517;5783;3076;
Архангельская область без автономного округа;2014;7365;149717;30777;
Вологодская область;2014;396;409033;35581;
Калининградская область;2014;13084;419357;22685;
Ленинградская область;2014;14401;645073;149173;
Мурманская область;2014;82163;114265;55741;
Новгородская область;2014;1638;150603;14895;
Псковская область;2014;983;63523;10542;
г. Санкт-Петербург;2014;14726;2089707;178708;
Южный             федеральный округ;2014;196154;1865122;309275;
Республика Адыгея;2014;1964;31558;2229;
Республика Калмыкия;2014;1898;887;2634;
Республика Крым;2014;2949;23505;13555;
Краснодарский край;2014;22116;661813;97150;
Астраханская область;2014;100786;48602;23624;
Волгоградская область;2014;45725;576020;60958;
Ростовская область;2014;20700;518995;108396;
г. Севастополь;2014;16;3743;729;
Северо-Кавказский        федеральный округ;2014;21757;299216;121132;
Республика Дагестан;2014;3170;26666;14168;
Республика Ингушетия;2014;1253;2936;1391;
Кабардино-Балкарская Республика;2014;173;29521;7567;
Карачаево-Черкесская Республика;2014;1934;29999;5362;
Республика Северная Осетия - Алания;2014;547;16561;7556;
Чеченская Республика;2014;5440;5662;12676;
Ставропольский край;2014;9240;187871;72412;
Приволжский федеральный округ;2014;1473180;6318146;868472;
Республика Башкортостан;2014;169093;893964;109823;
Республика Марий Эл;2014;469;104874;10863;
Республика Мордовия;2014;224;118328;11593;
Республика Татарстан;2014;368991;1183555;126046;
Удмуртская Республика;2014;137644;220811;33063;
Чувашская Республика;2014;1909;133122;21955;
Пермский край;2014;206134;846723;105398;
Кировская область;2014;898;153929;34879;
Нижегородская область ;2014;1776;998185;91099;
Оренбургская область;2014;348081;230679;65921;
Пензенская область;2014;596;139216;19667;
Самарская область;2014;205669;833357;122985;
Саратовская область;2014;20222;275766;89658;
Ульяновская область;2014;11475;185638;25522;
Уральский         федеральный округ;2014;3771668;3506425;596914;
Курганская область;2014;2320;75431;22950;
Свердловская область ;2014;52059;1343307;170915;
Тюменская область;2014;3680429;1084590;300151;
в том числе:;2014;0;0;0;
Ханты-Мансийский автономный округ - Югра;2014;2403087;398696;206904;
Ямало-Ненецкий автономный округ;2014;1146823;156798;49734;
Тюменская область  без автономных округов;2014;130518;529095;43512;
Челябинская область;2014;36862;1003098;102899;
Сибирский        федеральный округ;2014;1311676;3128069;574554;
Республика Алтай;2014;628;3277;2050;
Республика Тыва;2014;16491;70297;23093;
Республика Хакасия;2014;4569;612;3572;
Алтайский край;2014;31760;71930;31298;
Красноярский край;2014;3637;209857;40843;
Иркутская область;2014;48108;20074;27625;
Кемеровская область;2014;318766;777413;134338;
Новосибирская область ;2014;259575;367518;82363;
Омская область;2014;457400;446772;93122;
Томская область;2014;22953;328960;62922;
Дальневосточный федеральный округ;2014;3855;696947;43188;
Республика Бурятия;2014;143934;134411;30139;
Республика Саха (Якутия);2014;1394349;515247;263789;
Забайкальский край;2014;407115;33666;56674;
Камчатский край;2014;8190;42804;16324;
Приморский край;2014;11016;206804;62365;
Хабаровский край ;2014;49980;160118;53264;
Амурская область;2014;55690;24050;29652;
Магаданская область;2014;61790;3448;12248;
Сахалинская область;2014;736034;39111;20157;
Еврейская автономная область;2014;720;4597;4136;
Чукотский автономный округ;2014;63813;649;8969;
Центральный федеральный округ;2015;1052128;11810786;1491884;
Белгородская область;2015;81211;562897;28740;
Брянская область;2015;425;171551;15549;
Владимирская область;2015;3406;376168;33321;
Воронежская область;2015;5250;396550;59744;
Ивановская область;2015;933;114727;28550;
Калужская область;2015;4582;456942;20632;
Костромская область;2015;725;108058;34179;
Курская область;2015;44940;151800;59316;
Липецкая область;2015;5002;536869;28941;
Московская область;2015;15495;2086349;268205;
Орловская область;2015;147;104302;12744;
Рязанская область;2015;2402;250368;32930;
Смоленская область;2015;1026;178438;55431;
Тамбовская область;2015;173;126629;15502;
Тверская область;2015;1266;198376;88438;
Тульская область;2015;5650;524308;48251;
Ярославская область;2015;1224;310374;32714;
г. Москва;2015;878269;5156077;628697;
Северо-Западный федеральный округ;2015;733111;4879272;532267;
Республика Карелия;2015;46286;76439;24764;
Республика Коми;2015;295708;175277;43971;
Архангельская область;2015;235592;173405;35333;
в том числе: ;2015;0;0;0;
Ненецкий автономный округ;2015;217123;12532;3171;
Архангельская область без автономного округа;2015;18468;160873;32163;
Вологодская область;2015;589;498162;40876;
Калининградская область;2015;14829;422287;22988;
Ленинградская область;2015;13220;851522;99768;
Мурманская область;2015;106426;147940;56927;
Новгородская область;2015;2414;189450;15918;
Псковская область;2015;1250;81734;10565;
г. Санкт-Петербург;2015;16798;2263057;181157;
Южный             федеральный округ;2015;235937;2283400;357666;
Республика Адыгея;2015;2078;43280;2503;
Республика Калмыкия;2015;1289;1007;2683;
Республика Крым;2015;8186;57538;25553;
Краснодарский край;2015;26723;831085;109727;
Астраханская область;2015;125060;61014;25553;
Волгоградская область;2015;48094;633926;65371;
Ростовская область;2015;24023;643735;120471;
г. Севастополь;2015;483;11815;5805;
Северо-Кавказский        федеральный округ;2015;21712;379303;123815;
Республика Дагестан;2015;3337;23493;14167;
Республика Ингушетия;2015;1279;3901;1619;
Кабардино-Балкарская Республика;2015;209;37532;8157;
Карачаево-Черкесская Республика;2015;2544;28153;5760;
Республика Северная Осетия - Алания;2015;628;22649;5529;
Чеченская Республика;2015;4868;9812;14120;
Ставропольский край;2015;8847;253763;74464;
Приволжский федеральный округ;2015;1726802;7232907;893643;
Республика Башкортостан;2015;195725;978473;113188;
Республика Марий Эл;2015;501;139431;10959;
Республика Мордовия;2015;231;132268;11874;
Республика Татарстан;2015;439139;1369000;126650;
Удмуртская Республика;2015;165784;273381;34677;
Чувашская Республика;2015;638;153829;20911;
Пермский край;2015;249038;900639;105588;
Кировская область;2015;925;189956;37173;
Нижегородская область ;2015;2303;1138576;97914;
Оренбургская область;2015;383955;274498;78012;
Пензенская область;2015;411;176491;21534;
Самарская область;2015;244656;928775;115748;
Саратовская область;2015;30646;342515;93886;
Ульяновская область;2015;12851;235075;25529;
Уральский         федеральный округ;2015;4351495;4268841;605042;
Курганская область;2015;2442;88316;20414;
Свердловская область ;2015;56178;1659144;170375;
Тюменская область;2015;4235443;1323802;301417;
в том числе:;2015;0;0;0;
Ханты-Мансийский автономный округ - Югра;2015;2717011;422090;206989;
Ямало-Ненецкий автономный округ;2015;1354152;295942;49234;
Тюменская область  без автономных округов;2015;164280;605770;45194;
Челябинская область;2015;57432;1197579;112836;
Сибирский        федеральный округ;2015;1600524;3634695;634610;
Республика Алтай;2015;977;7172;2390;
Республика Тыва;2015;22860;86012;26886;
Республика Хакасия;2015;7848;725;3742;
Алтайский край;2015;38967;90278;38605;
Красноярский край;2015;5520;271651;44355;
Иркутская область;2015;61382;22653;28173;
Кемеровская область;2015;373484;913319;160264;
Новосибирская область ;2015;348350;458526;91593;
Омская область;2015;553435;476137;94377;
Томская область;2015;25852;430810;63112;
Дальневосточный федеральный округ;2015;4042;709132;48608;
Республика Бурятия;2015;157806;168281;32505;
Республика Саха (Якутия);2015;1537831;601223;278750;
Забайкальский край;2015;503910;36169;65548;
Камчатский край;2015;13254;68999;17597;
Приморский край;2015;16124;196556;62095;
Хабаровский край ;2015;62125;209749;55067;
Амурская область;2015;72180;33902;32521;
Магаданская область;2015;83196;3074;12713;
Сахалинская область;2015;708683;46935;18505;
Еврейская автономная область;2015;974;5074;4427;
Чукотский автономный округ;2015;77386;765;10276;
Центральный федеральный округ;2016;1144558;12731952;1668238;
Белгородская область;2016;88930;603881;28225;
Брянская область;2016;281;175558;16829;
Владимирская область;2016;3180;411594;36604;
Воронежская область;2016;5601;414144;64231;
Ивановская область;2016;892;119270;30807;
Калужская область;2016;2811;517016;21475;
Костромская область;2016;332;106429;36590;
Курская область;2016;49180;167197;59150;
Липецкая область;2016;5072;574430;27249;
Московская область;2016;12273;2115619;292429;
Орловская область;2016;107;105689;13656;
Рязанская область;2016;1465;251463;38946;
Смоленская область;2016;1404;180557;55230;
Тамбовская область;2016;127;137364;16126;
Тверская область;2016;1070;216934;88013;
Тульская область;2016;4339;570972;51266;
Ярославская область;2016;982;314479;36052;
г. Москва;2016;966513;5749357;755361;
Северо-Западный федеральный округ;2016;774494;4734397;598388;
Республика Карелия;2016;52405;86809;28365;
Республика Коми;2016;295262;164307;45514;
Архангельская область;2016;257676;168026;36682;
в том числе: ;2016;0;0;0;
Ненецкий автономный округ;2016;233012;22370;3909;
Архангельская область без автономного округа;2016;24664;145657;32773;
Вологодская область;2016;554;515013;43213;
Калининградская область;2016;14843;424136;26572;
Ленинградская область;2016;11461;899580;105308;
Мурманская область;2016;124267;139901;62036;
Новгородская область;2016;3735;188719;21294;
Псковская область;2016;1056;85901;11268;
г. Санкт-Петербург;2016;13234;2062005;218137;
Южный             федеральный округ;2016;260939;2358804;397324;
Республика Адыгея;2016;2390;48426;2773;
Республика Калмыкия;2016;0;735;3023;
Республика Крым;2016;12328;74005;31021;
Краснодарский край;2016;39583;825465;119759;
Астраханская область;2016;137480;61917;28402;
Волгоградская область;2016;45487;615926;63364;
Ростовская область;2016;21228;718360;141823;
г. Севастополь;2016;0;13972;7159;
Северо-Кавказский        федеральный округ;2016;23039;392782;136518;
Республика Дагестан;2016;3755;32528;18078;
Республика Ингушетия;2016;1241;3539;2861;
Кабардино-Балкарская Республика;2016;348;32883;8527;
Карачаево-Черкесская Республика;2016;2682;30014;5861;
Республика Северная Осетия - Алания;2016;581;18685;6555;
Чеченская Республика;2016;5196;9104;14680;
Ставропольский край;2016;9235;266029;79956;
Приволжский федеральный округ;2016;1688181;7364795;908654;
Республика Башкортостан;2016;209446;970695;122253;
Республика Марий Эл;2016;649;133457;11967;
Республика Мордовия;2016;132;138024;12184;
Республика Татарстан;2016;443069;1432843;133430;
Удмуртская Республика;2016;162171;333831;37255;
Чувашская Республика;2016;518;163397;21801;
Пермский край;2016;254508;868313;104835;
Кировская область;2016;1203;193715;39842;
Нижегородская область ;2016;1333;1146937;103857;
Оренбургская область;2016;338587;274312;57468;
Пензенская область;2016;846;188089;22394;
Самарская область;2016;240374;938869;119517;
Саратовская область;2016;25803;346434;95664;
Ульяновская область;2016;9541;235879;26187;
Уральский         федеральный округ;2016;4453004;4341747;657281;
Курганская область;2016;3493;93561;21361;
Свердловская область ;2016;54118;1642785;182509;
Тюменская область;2016;4328054;1382838;323718;
в том числе:;2016;0;0;0;
Ханты-Мансийский автономный округ - Югра;2016;2662062;425678;219992;
Ямало-Ненецкий автономный округ;2016;1495221;322287;55464;
Тюменская область  без автономных округов;2016;170772;634873;48262;
Челябинская область;2016;67340;1222563;129694;
Сибирский        федеральный округ;2016;1800423;3595051;672343;
Республика Алтай;2016;1568;5969;2758;
Республика Тыва;2016;21129;61205;27180;
Республика Хакасия;2016;14999;664;4096;
Алтайский край;2016;41422;82433;46346;
Красноярский край;2016;4852;265883;45047;
Иркутская область;2016;75688;23499;33034;
Кемеровская область;2016;403581;940698;164150;
Новосибирская область ;2016;393441;457587;100317;
Омская область;2016;658776;475009;95620;
Томская область;2016;29635;410383;64195;
Дальневосточный федеральный округ;2016;3414;709347;53764;
Республика Бурятия;2016;151917;162374;35837;
Республика Саха (Якутия);2016;1585860;600400;293532;
Забайкальский край;2016;620688;33811;72318;
Камчатский край;2016;22947;78903;19488;
Приморский край;2016;17186;189663;61252;
Хабаровский край ;2016;71553;205033;56763;
Амурская область;2016;64379;27899;33659;
Магаданская область;2016;106564;3176;15411;
Сахалинская область;2016;597755;56096;20328;
Еврейская автономная область;2016;1227;5214;4315;
Чукотский автономный округ;2016;83562;604;9998;
Центральный федеральный округ;2017;1502691;13196675;1691479;312144
Белгородская область;2017;116588;629093;27031;10614
Брянская область;2017;277;191019;16064;7347
Владимирская область;2017;4004;406484;33308;9987
Воронежская область;2017;6283;422944;88207;12116
Ивановская область;2017;755;133335;32003;4285
Калужская область;2017;3672;672706;23200;8463
Костромская область;2017;317;118263;39628;3101
Курская область;2017;67783;176100;60309;4582
Липецкая область;2017;5765;628043;25921;10347
Московская область;2017;13870;2328071;279036;72279
Орловская область;2017;106;104211;13353;3238
Рязанская область;2017;1781;277309;37935;5163
Смоленская область;2017;1454;192044;54534;6839
Тамбовская область;2017;145;134329;16099;3102
Тверская область;2017;755;246185;94874;6240
Тульская область;2017;5548;629921;49630;9426
Ярославская область;2017;1172;338016;43671;9396
г. Москва;2017;1272415;5568602;756675;125621
Северо-Западный федеральный округ;2017;844244;5178185;582716;116340
Республика Карелия;2017;73729;93268;26676;3067
Республика Коми;2017;314270;170537;47108;5715
Архангельская область;2017;294998;310669;36674;5767
в том числе: ;2017;0;0;0;0
Ненецкий автономный округ;2017;267858;21434;3832;479
Архангельская область без автономного округа;2017;27140;289235;32842;5288
Вологодская область;2017;632;572244;40646;7872
Калининградская область;2017;18260;464119;28773;6013
Ленинградская область;2017;11402;909008;99029;13257
Мурманская область;2017;107973;160154;58976;9217
Новгородская область;2017;1593;181982;19405;2998
Псковская область;2017;1371;94887;11491;4534
г. Санкт-Петербург;2017;20017;2221317;213938;57899
Южный             федеральный округ;2017;374342;2615541;384785;83770
Республика Адыгея;2017;2740;47823;2346;1807
Республика Калмыкия;2017;0;1235;2054;0
Республика Крым;2017;10787;78647;35383;6175
Краснодарский край;2017;53142;923476;110399;28504
Астраханская область;2017;226961;53839;27700;4784
Волгоградская область;2017;47985;724306;66847;14641
Ростовская область;2017;29664;772905;133563;25736
г. Севастополь;2017;0;13310;6492;0
Северо-Кавказский        федеральный округ;2017;26447;405290;142494;18195
Республика Дагестан;2017;4922;40558;19315;2626
Республика Ингушетия;2017;1463;1865;1345;487
Кабардино-Балкарская Республика;2017;398;27688;8733;1069
Карачаево-Черкесская Республика;2017;2751;35194;9061;991
Республика Северная Осетия - Алания;2017;661;27588;6697;1542
Чеченская Республика;2017;5593;10186;14379;1408
Ставропольский край;2017;10659;262211;82964;10071
Приволжский федеральный округ;2017;1972042;7942292;911282;209722
Республика Башкортостан;2017;233703;1082923;122987;22875
Республика Марий Эл;2017;656;152086;11546;4671
Республика Мордовия;2017;77;167180;11745;3347
Республика Татарстан;2017;547515;1596330;126863;28212
Удмуртская Республика;2017;191064;321066;37608;7071
Чувашская Республика;2017;706;172565;24578;6248
Пермский край;2017;294130;933960;118342;24411
Кировская область;2017;1107;199822;39382;4776
Нижегородская область ;2017;1168;1237833;99013;29172
Оренбургская область;2017;389692;304238;57928;13608
Пензенская область;2017;890;195823;22153;5329
Самарская область;2017;273744;969528;115780;40487
Саратовская область;2017;30492;352459;96236;11208
Ульяновская область;2017;7096;256480;27120;8307
Уральский         федеральный округ;2017;5202482;4760492;712098;142211
Курганская область;2017;3315;96670;20540;2856
Свердловская область ;2017;66980;1734335;235726;60330
Тюменская область;2017;5068914;1568613;318850;44790
в том числе:;2017;0;0;0;0
Ханты-Мансийский автономный округ - Югра;2017;2983368;534441;215479;22732
Ямало-Ненецкий автономный округ;2017;1911722;346799;58693;10388
Тюменская область  без автономных округов;2017;173825;687373;44678;11671
Челябинская область;2017;63272;1360874;136982;34234
Сибирский        федеральный округ;2017;2225155;3825717;618728;104623
Республика Алтай;2017;3593;4995;2822;356
Республика Тыва;2017;23347;370;4669;326
Республика Хакасия;2017;52497;87250;47622;1455
Алтайский край;2017;6143;307970;45807;8069
Красноярский край;2017;552416;990878;163533;28898
Иркутская область;2017;455207;481866;111750;14309
Кемеровская область;2017;899156;545842;96518;17251
Новосибирская область ;2017;50568;459489;59641;17522
Омская область;2017;3165;791301;50397;8673
Томская область;2017;179063;155757;35969;7764
Дальневосточный федеральный округ;2017;1768762;788270;336100;35493
Республика Бурятия;2017;25331;59164;26888;1512
Республика Саха (Якутия);2017;599620;34852;61133;5175
Забайкальский край;2017;82184;26309;31144;2842
Камчатский край;2017;19729;99560;21588;2555
Приморский край;2017;19568;229130;62629;9476
Хабаровский край ;2017;78459;244085;53619;6805
Амурская область;2017;64359;31095;36087;2881
Магаданская область;2017;112749;4467;14541;854
Сахалинская область;2017;693852;51842;16465;2662
Еврейская автономная область;2017;7593;6743;4209;446
Чукотский автономный округ;2017;65316;1023;7796;288
Центральный федеральный округ;2018;2099611;15104470;1748280;379124
Белгородская область;2018;148863;710829;26805;8936
Брянская область;2018;262;218544;17730;8901
Владимирская область;2018;5005;448428;36295;11257
Воронежская область;2018;7726;448223;99618;13512
Ивановская область;2018;972;152792;31077;4687
Калужская область;2018;3938;830716;23282;10017
Костромская область;2018;401;135820;36785;3374
Курская область;2018;91249;194723;58383;9053
Липецкая область;2018;7052;756976;25534;12409
Московская область;2018;12744;2600340;287728;94555
Орловская область;2018;232;115793;13794;3890
Рязанская область;2018;1664;303564;38454;5859
Смоленская область;2018;1791;209367;55189;8791
Тамбовская область;2018;200;162991;15773;3497
Тверская область;2018;970;308286;103028;6677
Тульская область;2018;6153;703297;49812;10445
Ярославская область;2018;1566;390117;45608;9249
г. Москва;2018;1808823;6413663;783384;154014
Северо-Западный федеральный округ;2018;1027684;6034735;618401;121158
Республика Карелия;2018;83395;121610;25664;4198
Республика Коми;2018;400373;194301;44613;6331
Архангельская область;2018;385402;247567;34886;5959
в том числе: ;2018;0;0;0;0
Ненецкий автономный округ;2018;352134;14916;3063;465
Архангельская область без автономного округа;2018;33268;232651;31823;5494
Вологодская область;2018;798;692721;40464;7059
Калининградская область;2018;18428;576618;37791;6433
Ленинградская область;2018;15857;1095745;130252;13540
Мурманская область;2018;96258;185431;57999;9251
Новгородская область;2018;1178;201188;21582;3339
Псковская область;2018;1959;103644;11760;5513
г. Санкт-Петербург;2018;24035;2615910;213389;59536
Южный             федеральный округ;2018;517448;3034681;435469;106055
Республика Адыгея;2018;3393;52529;2428;1503
Республика Калмыкия;2018;0;930;2700;0
Республика Крым;2018;14372;93537;37021;6455
Краснодарский край;2018;52498;1025101;121025;32339
Астраханская область;2018;346022;61946;27806;6109
Волгоградская область;2018;63480;882563;71872;16832
Ростовская область;2018;33457;906803;153514;39490
г. Севастополь;2018;0;11272;19103;0
Северо-Кавказский        федеральный округ;2018;26105;438133;148584;18509
Республика Дагестан;2018;5431;45567;21949;1853
Республика Ингушетия;2018;1082;2111;1506;501
Кабардино-Балкарская Республика;2018;249;30940;9829;1186
Карачаево-Черкесская Республика;2018;2821;31150;9401;1241
Республика Северная Осетия - Алания;2018;702;19376;7125;1467
Чеченская Республика;2018;5272;10381;15463;1763
Ставропольский край;2018;10548;298609;83311;10497
Приволжский федеральный округ;2018;2611155;9154765;980674;240776
Республика Башкортостан;2018;314530;1245977;128760;24793
Республика Марий Эл;2018;684;157872;11878;5010
Республика Мордовия;2018;86;189094;13577;7088
Республика Татарстан;2018;689612;1930682;144762;39541
Удмуртская Республика;2018;253384;377641;40784;8645
Чувашская Республика;2018;997;197853;27133;6060
Пермский край;2018;387065;1133053;124036;28376
Кировская область;2018;1399;232093;40669;7452
Нижегородская область ;2018;1801;1391676;109520;28789
Оренбургская область;2018;542497;348348;61913;19116
Пензенская область;2018;909;196327;22596;5565
Самарская область;2018;368183;1098570;125309;37642
Саратовская область;2018;42026;398719;101302;12763
Ульяновская область;2018;7982;256859;28434;9935
Уральский         федеральный округ;2018;6683342;5485925;705288;163147
Курганская область;2018;3222;105500;21324;3943
Свердловская область ;2018;76538;1968982;243507;70627
Тюменская область;2018;6522593;1919669;317522;45797
в том числе:;2018;0;0;0;0
Ханты-Мансийский автономный округ - Югра;2018;3778782;673173;218778;24909
Ямало-Ненецкий автономный округ;2018;2470590;442187;47357;10253
Тюменская область  без автономных округов;2018;273221;804308;51388;10635
Челябинская область;2018;80990;1491774;122934;42781
Сибирский        федеральный округ;2018;2872592;4473042;652264;118449
Республика Алтай;2018;2688;3561;3048;395
Республика Тыва;2018;28678;518;4291;279
Республика Хакасия;2018;74047;91648;53140;1622
Алтайский край;2018;5023;322810;47440;10323
Красноярский край;2018;748109;1206799;174982;28813
Иркутская область;2018;603873;513815;120261;17839
Кемеровская область;2018;1097995;650683;95662;22063
Новосибирская область ;2018;90661;533607;61720;17314
Омская область;2018;3822;961524;53353;10937
Томская область;2018;217696;188076;38368;8863
Дальневосточный федеральный округ;2018;2355933;873762;352960;38370
Республика Бурятия;2018;27974;65598;26273;1724
Республика Саха (Якутия);2018;804388;37175;66210;5384
Забайкальский край;2018;108400;23788;34259;3330
Камчатский край;2018;21518;133151;18224;2501
Приморский край;2018;22557;235888;66550;9550
Хабаровский край ;2018;91358;271571;57061;8244
Амурская область;2018;60169;34091;37046;3074
Магаданская область;2018;124937;4512;16012;933
Сахалинская область;2018;1016799;60300;18063;2621
Еврейская автономная область;2018;10330;6632;4455;519
Чукотский автономный округ;2018;67502;1055;8805;491
Центральный федеральный округ;2019;2102477;16610438;1753190;420235
Белгородская область;2019;178390;722700;26543;11404
Брянская область;2019;338;253662;17709;9259
Владимирская область;2019;5426;491830;37816;11582
Воронежская область;2019;9027;505913;110385;15657
Ивановская область;2019;1238;158112;29421;5763
Калужская область;2019;3713;882806;23566;9869
Костромская область;2019;1022;143963;41467;3608
Курская область;2019;105885;197466;60320;8642
Липецкая область;2019;7732;683022;24443;11369
Московская область;2019;15399;3014481;276445;96824
Орловская область;2019;280;117839;13508;5206
Рязанская область;2019;1572;326074;39783;6760
Смоленская область;2019;1619;209664;53820;12242
Тамбовская область;2019;292;172109;15591;4237
Тверская область;2019;759;344052;99972;8314
Тульская область;2019;7570;740950;55250;12822
Ярославская область;2019;1892;395894;44106;10080
г. Москва;2019;1760325;7249902;783045;176597
Северо-Западный федеральный округ;2019;1129049;6267136;680037;146359
Республика Карелия;2019;91189;126762;25679;3130
Республика Коми;2019;425992;199128;43013;8307
Архангельская область;2019;393050;194722;38354;6181
в том числе: ;2019;0;0;0;0
Ненецкий автономный округ;2019;359496;1553;3991;474
Архангельская область без автономного округа;2019;33554;193169;34363;5708
Вологодская область;2019;634;704649;41971;10033
Калининградская область;2019;18593;599548;46186;7572
Ленинградская область;2019;15727;1115017;177691;17701
Мурманская область;2019;143329;321233;59981;8823
Новгородская область;2019;1153;202563;19871;3462
Псковская область;2019;2105;124228;11742;5669
г. Санкт-Петербург;2019;37277;2679285;215549;75480
Южный             федеральный округ;2019;514510;2989258;432802;110646
Республика Адыгея;2019;3710;50080;2533;1758
Республика Калмыкия;2019;0;695;2906;0
Республика Крым;2019;10993;99092;37761;8500
Краснодарский край;2019;64341;967479;117414;31225
Астраханская область;2019;339168;76915;29213;5462
Волгоградская область;2019;58875;905403;72771;20860
Ростовская область;2019;34041;873735;165944;39220
г. Севастополь;2019;0;15859;4260;0
Северо-Кавказский        федеральный округ;2019;26904;434785;142728;19964
Республика Дагестан;2019;5415;46571;19469;2183
Республика Ингушетия;2019;1187;2216;1501;536
Кабардино-Балкарская Республика;2019;260;34495;8448;1662
Карачаево-Черкесская Республика;2019;2798;25908;9792;1357
Республика Северная Осетия - Алания;2019;700;19573;7025;1575
Чеченская Республика;2019;5261;10936;21599;1447
Ставропольский край;2019;11283;295087;74894;11204
Приволжский федеральный округ;2019;2665497;9585058;1004283;267627
Республика Башкортостан;2019;309097;1320851;141093;26569
Республика Марий Эл;2019;677;161680;11954;5856
Республика Мордовия;2019;96;207256;12354;4172
Республика Татарстан;2019;688510;1934817;148124;39266
Удмуртская Республика;2019;253858;406857;40949;9285
Чувашская Республика;2019;728;226882;26792;7041
Пермский край;2019;396476;1156605;129108;26742
Кировская область;2019;2970;238490;41182;7961
Нижегородская область ;2019;2141;1498896;110435;31881
Оренбургская область;2019;589756;325780;67293;20585
Пензенская область;2019;1584;223956;22635;7295
Самарская область;2019;371282;1156027;126851;49393
Саратовская область;2019;34948;410146;98183;22339
Ульяновская область;2019;13374;316814;27330;9240
Уральский         федеральный округ;2019;6953555;5384621;749744;172107
Курганская область;2019;3595;125412;21156;4201
Свердловская область ;2019;92683;2039463;255390;80966
Тюменская область;2019;6768641;1738763;344384;47117
в том числе:;2019;0;0;0;0
Ханты-Мансийский автономный округ - Югра;2019;3859612;699832;231027;24549
Ямало-Ненецкий автономный округ;2019;2664635;376535;56404;11326
Тюменская область  без автономных округов;2019;244394;662397;56953;11242
Челябинская область;2019;88635;1480982;128814;39824
Сибирский        федеральный округ;2019;2721670;4904132;665993;124977
Республика Алтай;2019;1114;3537;2880;525
Республика Тыва;2019;21458;666;4788;333
Республика Хакасия;2019;69369;101638;50836;2259
Алтайский край;2019;7746;357699;43901;9813
Красноярский край;2019;780629;1569814;176653;30435
Иркутская область;2019;619092;495138;129839;15511
Кемеровская область;2019;947068;662510;97458;21618
Новосибирская область ;2019;77495;548433;69252;24565
Омская область;2019;3436;964220;54695;11211
Томская область;2019;194264;200476;35691;8707
Дальневосточный федеральный округ;2019;2210464;1260597;376677;62398
Республика Бурятия;2019;36804;75070;24856;2693
Республика Саха (Якутия);2019;886422;40399;70799;6819
Забайкальский край;2019;134851;28122;35479;2766
Камчатский край;2019;23599;138697;21430;3194
Приморский край;2019;23711;296109;66327;9773
Хабаровский край ;2019;22102;353833;61521;27390
Амурская область;2019;82506;39032;45166;3309
Магаданская область;2019;29146;147417;18027;1078
Сахалинская область;2019;942671;67953;18879;4328
Еврейская автономная область;2019;13972;6623;4758;443
Чукотский автономный округ;2019;14681;67343;9436;605
Центральный федеральный округ;2020;1451215;18323564;1961369;568812
Белгородская область;2020;189914;771791;26864;12832
Брянская область;2020;475;263180;17628;10041
Владимирская область;2020;6060;540893;37237;13862
Воронежская область;2020;9783;600000;137282;24570
Ивановская область;2020;1286;217114;28453;10291
Калужская область;2020;4910;904498;24496;14965
Костромская область;2020;755;145089;32422;4628
Курская область;2020;105101;224383;57757;8305
Липецкая область;2020;7308;757229;23361;12540
Московская область;2020;20873;3417125;285386;146567
Орловская область;2020;352;146696;13650;4578
Рязанская область;2020;1631;351864;40235;14706
Смоленская область;2020;2136;242102;54615;14261
Тамбовская область;2020;215;194488;15196;4607
Тверская область;2020;1342;362864;93134;10996
Тульская область;2020;7170;869483;55708;19119
Ярославская область;2020;1572;440236;46449;12451
г. Москва;2020;1090331;7874528;971495;229494
Северо-Западный федеральный округ;2020;950642;6994511;668000;191636
Республика Карелия;2020;90138;136599;26597;4687
Республика Коми;2020;303588;192748;42471;10276
Архангельская область;2020;286190;261046;42104;9411
в том числе: ;2020;0;0;0;0
Ненецкий автономный округ;2020;255515;1963;5189;695
Архангельская область без автономного округа;2020;30675;259083;36916;8716
Вологодская область;2020;983;738220;40446;11316
Калининградская область;2020;15248;603077;49489;8383
Ленинградская область;2020;16305;1127686;169838;22207
Мурманская область;2020;196829;755607;55345;10978
Новгородская область;2020;1326;217986;19417;4061
Псковская область;2020;2151;125846;11049;5454
г. Санкт-Петербург;2020;37884;2835695;211242;104862
Южный             федеральный округ;2020;364935;2951409;448579;121129
Республика Адыгея;2020;2713;53945;4935;1890
Республика Калмыкия;2020;0;964;4108;0
Республика Крым;2020;13365;107905;49760;9141
Краснодарский край;2020;27058;1001652;115718;36970
Астраханская область;2020;249598;78370;29711;6793
Волгоградская область;2020;34343;775104;72254;23081
Ростовская область;2020;35471;913857;163171;39374
г. Севастополь;2020;0;19612;8921;0
Северо-Кавказский        федеральный округ;2020;25061;481963;146391;26926
Республика Дагестан;2020;3680;38806;17855;2378
Республика Ингушетия;2020;929;2302;384;893
Кабардино-Балкарская Республика;2020;174;45566;9481;1630
Карачаево-Черкесская Республика;2020;3041;27185;9956;1754
Республика Северная Осетия - Алания;2020;998;22947;15093;1860
Чеченская Республика;2020;4517;14205;24902;2200
Ставропольский край;2020;11722;330952;68721;16211
Приволжский федеральный округ;2020;2092797;9395893;996739;318842
Республика Башкортостан;2020;217173;1186546;137676;41323
Республика Марий Эл;2020;1121;146983;11701;6892
Республика Мордовия;2020;139;242209;12312;4447
Республика Татарстан;2020;581775;2007071;145754;46017
Удмуртская Республика;2020;186864;353208;40520;14023
Чувашская Республика;2020;559;227378;24725;6859
Пермский край;2020;291513;1077505;121758;31477
Кировская область;2020;1319;270499;41008;9227
Нижегородская область ;2020;2402;1421743;110201;49865
Оренбургская область;2020;483119;317057;65507;22474
Пензенская область;2020;1956;276729;22612;8270
Самарская область;2020;275452;1132871;141328;51636
Саратовская область;2020;34581;443632;95216;13674
Ульяновская область;2020;14825;292463;26423;12657
Уральский         федеральный округ;2020;5452222;5318674;730379;211887
Курганская область;2020;3611;129021;19898;5735
Свердловская область ;2020;96468;2148310;249850;96983
Тюменская область;2020;5210842;1561421;327818;62086
в том числе:;2020;0;0;0;0
Ханты-Мансийский автономный округ - Югра;2020;2667269;572954;213994;25832
Ямало-Ненецкий автономный округ;2020;2359770;308721;53635;14407
Тюменская область  без автономных округов;2020;183803;679745;60190;21847
Челябинская область;2020;141301;1479923;132812;47082
Сибирский        федеральный округ;2020;2165497;5165426;675445;203950
Республика Алтай;2020;2139;4386;3005;425
Республика Тыва;2020;16918;727;5439;406
Республика Хакасия;2020;72453;111415;56269;2383
Алтайский край;2020;9166;402597;45442;14377
Красноярский край;2020;636161;1754791;175713;37630
Иркутская область;2020;530680;555215;131336;21025
Кемеровская область;2020;728737;647260;105310;71939
Новосибирская область ;2020;50311;602118;68231;29344
Омская область;2020;2029;876160;52501;16808
Томская область;2020;116903;210756;32199;9613
Дальневосточный федеральный округ;2020;2109401;1386477;390124;60331
Республика Бурятия;2020;52223;100132;26745;3916
Республика Саха (Якутия);2020;834442;35960;73700;7794
Забайкальский край;2020;175013;30096;35734;4967
Камчатский край;2020;30352;129352;23576;3520
Приморский край;2020;25530;256697;70414;13934
Хабаровский край ;2020;30240;424019;58788;13274
Амурская область;2020;123676;44125;43813;5604
Магаданская область;2020;0;196783;18316;0
Сахалинская область;2020;732138;69689;20212;4689
Еврейская автономная область;2020;0;6194;5204;0
Чукотский автономный округ;2020;24188;93431;13622;1029
Центральный федеральный округ;2021;2420251;22740130;1960987;599176
Белгородская область;2021;369693;1019828;28631;16456
Брянская область;2021;308;325806;19265;13910
Владимирская область;2021;7182;744868;39961;15302
Воронежская область;2021;9795;722551;141444;25288
Ивановская область;2021;1241;225177;30420;6762
Калужская область;2021;5297;1082716;27615;16239
Костромская область;2021;848;180316;42416;4641
Курская область;2021;219264;299929;61913;8366
Липецкая область;2021;6761;1185766;26450;15205
Московская область;2021;17459;3960809;322185;158247
Орловская область;2021;298;180335;14812;7301
Рязанская область;2021;2179;441517;47221;10751
Смоленская область;2021;2051;294762;61945;12291
Тамбовская область;2021;243;248489;16083;5039
Тверская область;2021;833;391754;108272;10077
Тульская область;2021;9616;1098492;59260;26210
Ярославская область;2021;1626;513122;48925;13664
г. Москва;2021;1765556;9823893;864170;233427
Северо-Западный федеральный округ;2021;1666433;9778498;786336;197221
Республика Карелия;2021;176648;159674;29788;4005
Республика Коми;2021;508036;192952;45586;11023
Архангельская область;2021;515672;420032;45168;8693
в том числе: ;2021;0;0;0;0
Ненецкий автономный округ;2021;470123;1883;5361;689
Архангельская область без автономного округа;2021;45549;418149;39807;8005
Вологодская область;2021;655;1249981;37766;11137
Калининградская область;2021;21056;730863;62810;9380
Ленинградская область;2021;18599;1530947;207446;27293
Мурманская область;2021;268163;854719;62403;10677
Новгородская область;2021;1223;329981;19749;4524
Псковская область;2021;3046;148709;13291;6461
г. Санкт-Петербург;2021;153335;4160640;262330;104028
Южный             федеральный округ;2021;528737;3343212;502137;127316
Республика Адыгея;2021;3249;59498;6262;2311
Республика Калмыкия;2021;0;591;7371;0
Республика Крым;2021;11731;115296;60034;9410
Краснодарский край;2021;27732;1302764;126559;36054
Астраханская область;2021;381324;76799;35390;7856
Волгоградская область;2021;52180;608105;72919;23571
Ростовская область;2021;50354;1160044;182804;44374
г. Севастополь;2021;0;20115;10798;0
Северо-Кавказский        федеральный округ;2021;46099;592795;168274;26393
Республика Дагестан;2021;4748;46141;17172;2317
Республика Ингушетия;2021;1431;3316;426;955
Кабардино-Балкарская Республика;2021;331;44389;9833;1630
Карачаево-Черкесская Республика;2021;3585;30452;11169;1855
Республика Северная Осетия - Алания;2021;735;24024;16661;2153
Чеченская Республика;2021;4177;11444;29286;2359
Ставропольский край;2021;31093;433028;83728;15125
Приволжский федеральный округ;2021;3512961;11702986;1074262;355748
Республика Башкортостан;2021;298651;1630124;149483;35587
Республика Марий Эл;2021;577;175620;13374;8228
Республика Мордовия;2021;180;295082;12239;3653
Республика Татарстан;2021;1012861;2871028;163261;62384
Удмуртская Республика;2021;332674;389363;42072;16787
Чувашская Республика;2021;413;242028;30269;8599
Пермский край;2021;515049;1168668;129873;35589
Кировская область;2021;1472;358632;42158;8005
Нижегородская область ;2021;3534;1489675;119362;45105
Оренбургская область;2021;774984;430688;71347;34015
Пензенская область;2021;2819;315428;23368;9965
Самарская область;2021;495044;1397800;133651;59145
Саратовская область;2021;53258;605685;114706;15225
Ульяновская область;2021;21445;333166;29101;13461
Уральский         федеральный округ;2021;8953999;7332335;788168;239862
Курганская область;2021;3454;155444;21350;6779
Свердловская область ;2021;166258;2559396;258572;123065
Тюменская область;2021;8569475;2463727;360604;66354
в том числе:;2021;0;0;0;0
Ханты-Мансийский автономный округ - Югра;2021;4553666;866074;237771;26107
Ямало-Ненецкий автономный округ;2021;3700418;572318;58874;12737
Тюменская область  без автономных округов;2021;315392;1025335;63959;27510
Челябинская область;2021;214812;2153767;147641;43664
Сибирский        федеральный округ;2021;3598931;5860007;752701;264604
Республика Алтай;2021;1290;5716;3014;483
Республика Тыва;2021;20969;739;5863;521
Республика Хакасия;2021;108329;133562;62644;2628
Алтайский край;2021;13041;506265;47619;14128
Красноярский край;2021;902926;1762955;208881;44370
Иркутская область;2021;802009;687413;143065;25797
Кемеровская область;2021;1447933;891953;109977;109379
Новосибирская область ;2021;99496;696035;77839;37720
Омская область;2021;3981;920125;56501;18921
Томская область;2021;198958;255245;37298;10657
Дальневосточный федеральный округ;2021;2870991;1628141;412367;56305
Республика Бурятия;2021;52830;117667;28095;5433
Республика Саха (Якутия);2021;1335542;32338;75412;9073
Забайкальский край;2021;218793;31788;35634;3566
Камчатский край;2021;32685;155338;22755;3427
Приморский край;2021;27449;323322;81070;12783
Хабаровский край ;2021;56171;505684;64803;11258
Амурская область;2021;121535;52473;42051;3654
Магаданская область;2021;0;236627;19408;0
Сахалинская область;2021;926461;71178;22332;4348
Еврейская автономная область;2021;0;6149;4963;0
Чукотский автономный округ;2021;24960;95578;15844;720
